company,linkedin_message,email_subject,followup_email
Vuori,"Hi team at Vuori, noticed your recent growth momentum and Vuori Careers – Retail & Corporate Job Openings in Athletic . As Vuori scales customer volume, maintaining a seamless post-purchase delivery experience becomes critical for retention. ClickPost helps high-growth retail brands automate shipment tracking and NDR resolution. Would love to connect and share a quick note on how we support scaling brands.",Scaling Vuori's post-purchase customer experience,"Hi Vuori Team,

Following up on Vuori's recent momentum—specifically Vuori Careers – Retail & Corporate Job Openings in Athletic Apparel. With increasing order volumes and retail expansion, maintaining a flawless post-purchase customer journey is essential.

ClickPost is an AI-powered post-purchase logistics platform designed to automate order tracking, reduce 'Where Is My Order?' (WISMO) support tickets by 40%, and streamline delivery exception management.

If improving post-purchase visibility and reducing delivery support tickets is a priority this quarter, I'd be happy to share how brands with similar growth profiles use ClickPost.

Would you be open to a short conversation?

Best regards,
SDR Team @ ClickPost"
Blueland,"Hi team at Blueland, noticed your recent growth momentum and Blueland. As Blueland scales customer volume, maintaining a seamless post-purchase delivery experience becomes critical for retention. ClickPost helps high-growth retail brands automate shipment tracking and NDR resolution. Would love to connect and share a quick note on how we support scaling brands.",Scaling Blueland's post-purchase customer experience,"Hi Blueland Team,

Following up on Blueland's recent momentum—specifically Blueland. With increasing order volumes and retail expansion, maintaining a flawless post-purchase customer journey is essential.

ClickPost is an AI-powered post-purchase logistics platform designed to automate order tracking, reduce 'Where Is My Order?' (WISMO) support tickets by 40%, and streamline delivery exception management.

If improving post-purchase visibility and reducing delivery support tickets is a priority this quarter, I'd be happy to share how brands with similar growth profiles use ClickPost.

Would you be open to a short conversation?

Best regards,
SDR Team @ ClickPost"
Liquid Death,"Hi team at Liquid Death, noticed your recent growth momentum and Exclusive: $1.4 billion beverage company Liquid Death names . As Liquid Death scales customer volume, maintaining a seamless post-purchase delivery experience becomes critical for retention. ClickPost helps high-growth retail brands automate shipment tracking and NDR resolution. Would love to connect and share a quick note on how we support scaling brands.",Scaling Liquid Death's post-purchase customer experience,"Hi Liquid Death Team,

Following up on Liquid Death's recent momentum—specifically Exclusive: $1.4 billion beverage company Liquid Death names new CFO as. With increasing order volumes and retail expansion, maintaining a flawless post-purchase customer journey is essential.

ClickPost is an AI-powered post-purchase logistics platform designed to automate order tracking, reduce 'Where Is My Order?' (WISMO) support tickets by 40%, and streamline delivery exception management.

If improving post-purchase visibility and reducing delivery support tickets is a priority this quarter, I'd be happy to share how brands with similar growth profiles use ClickPost.

Would you be open to a short conversation?

Best regards,
SDR Team @ ClickPost"
Momofuku Goods,"Hi team at Momofuku Goods, noticed your recent growth momentum and Momofuku Goods Journal. As Momofuku Goods scales customer volume, maintaining a seamless post-purchase delivery experience becomes critical for retention. ClickPost helps high-growth retail brands automate shipment tracking and NDR resolution. Would love to connect and share a quick note on how we support scaling brands.",Scaling Momofuku Goods's post-purchase customer experience,"Hi Momofuku Goods Team,

Following up on Momofuku Goods's recent momentum—specifically Momofuku Goods Journal. With increasing order volumes and retail expansion, maintaining a flawless post-purchase customer journey is essential.

ClickPost is an AI-powered post-purchase logistics platform designed to automate order tracking, reduce 'Where Is My Order?' (WISMO) support tickets by 40%, and streamline delivery exception management.

If improving post-purchase visibility and reducing delivery support tickets is a priority this quarter, I'd be happy to share how brands with similar growth profiles use ClickPost.

Would you be open to a short conversation?

Best regards,
SDR Team @ ClickPost"
Rothy's,"Hi team at Rothy's, noticed your recent growth momentum and Rothy’s Charts International Expansion With a Pop-Up in Libe. As Rothy's scales customer volume, maintaining a seamless post-purchase delivery experience becomes critical for retention. ClickPost helps high-growth retail brands automate shipment tracking and NDR resolution. Would love to connect and share a quick note on how we support scaling brands.",Scaling Rothy's's post-purchase customer experience,"Hi Rothy's Team,

Following up on Rothy's's recent momentum—specifically Rothy’s Charts International Expansion With a Pop-Up in Liberty London. With increasing order volumes and retail expansion, maintaining a flawless post-purchase customer journey is essential.

ClickPost is an AI-powered post-purchase logistics platform designed to automate order tracking, reduce 'Where Is My Order?' (WISMO) support tickets by 40%, and streamline delivery exception management.

If improving post-purchase visibility and reducing delivery support tickets is a priority this quarter, I'd be happy to share how brands with similar growth profiles use ClickPost.

Would you be open to a short conversation?

Best regards,
SDR Team @ ClickPost"
